<!--
  -  Clamav and Freshclam decoders
  -  Author: Daniel Cid.
  -  Updated by Wazuh, Inc.
  -  Copyright (C) 2015-2020, Wazuh Inc.
  -  Copyright (C) 2009 Trend Micro Inc.
  -  This program is a free software; you can redistribute it and/or modify it under the terms of GPLv2.
-->


<!--
  -  Nov  5 22:59:19 ix freshclam[32349]: Incremental update failed, trying to download daily.cvd
-->
<decoder name="clamd">
  <program_name>^clamd</program_name>
</decoder>

<!--
Nov 18 16:51:04 hostname clamd[511]: /usr/share/clamav-testfiles/clam.arj: ClamAV-Test-File(f58327b03afd2a727c3329ba3c0947a7:393) FOUND
       url: '/usr/share/clamav-testfiles/clam.arj'
       extra_data: 'ClamAV-Test-File'
       id: 'f58327b03afd2a727c3329ba3c0947a7'
-->
<decoder name="clamd-found">
  <parent>clamd</parent>
   <prematch>FOUND</prematch>
   <regex>(\S+):\s+(\S+)\((\S+):</regex>
   <order>url, extra_data, id</order>
</decoder>

<decoder name="freshclam">
  <program_name>^freshclam</program_name>
</decoder>
