<!--
  -  Dropbear decoders
  -  Author: Daniel Cid.
  -  Updated by Wazuh, Inc.
  -  Copyright (C) 2015-2020, Wazuh Inc.
  -  Copyright (C) 2009 Trend Micro Inc.
  -  This program is a free software; you can redistribute it and/or modify it under the terms of GPLv2.
-->

<decoder name="dropbear">
  <program_name>^dropbear</program_name>
</decoder>

<!--
Jan  8 16:39:33 tp.lan dropbear[14824]: Bad password attempt for 'root' from 193.219.28.149:48629
-->

<decoder name="dropbear-bad-password">
  <parent>dropbear</parent>
  <prematch>password</prematch>
  <regex offset="after_prematch">for '(\S+)' from (\S+):\d+$</regex>
  <order>dstuser, srcip</order>
</decoder>

<!--
Jan  8 19:54:12 tp.lan dropbear[15197]: Login attempt for nonexistent user from 182.72.89.122:4328
-->

<decoder name="dropbear-nonexist">
  <parent>dropbear</parent>
  <prematch>nonexistent</prematch>
  <regex offset="after_prematch">from (\S+):\d+$</regex>
  <order>srcip</order>
</decoder>

<!--
Jan  8 19:32:41 tp.lan dropbear[15165]: Pubkey auth succeeded for 'root' with key md5 78:d6:41:ca:78:37:80:88:1d:15:0a:68:91:d1:4e:ad from 10.10.10.241:51737
-->

<decoder name="dropbear-from">
  <parent>dropbear</parent>
  <regex>(\S+) for '(\S+)' with key \S+ (\S+) from (\S+):\d+$</regex>
  <order>status,dstuser,extra_data,srcip</order>
</decoder>
