<!--
  -  Named decoders
  -  Author: Daniel Cid.
  -  Updated by Wazuh, Inc.
  -  Copyright (C) 2015-2020, Wazuh Inc.
  -  Copyright (C) 2009 Trend Micro Inc.
  -  This program is a free software; you can redistribute it and/or modify it under the terms of GPLv2.
-->

<!--
  - Will extract the srcip
  - Examples:
  - Oct 22 10:12:33 junction named[7885]: client 192.168.1.231#1142: update 'hayaletgemi.edu/IN' denied
  - Oct 22 10:12:33 junction named[12637]: client 1.2.3.4#32769: query (cache) 'somedomain.com/MX/IN' denied
  - Oct 22 10:12:33 junction named[31687]: /etc/blocked.slave:9892: syntax error near ';'
  - Oct 22 10:12:33 junction named[31687]: reloading configuration failed: unexpected token
 -->
<decoder name="named">
  <program_name>^named</program_name>
</decoder>

<decoder name="named-query">
  <parent>named</parent>
  <prematch>: query: </prematch>
  <regex>client (\S+)#\d+\s*\S*: query: (\S+) IN </regex>
  <order>srcip,url</order>
</decoder>

<decoder name="named_client">
  <parent>named</parent>
  <prematch>^client </prematch>
  <regex offset="after_prematch">^(\S+)#</regex>
  <order>srcip</order>
</decoder>

<decoder name="named-master">
  <parent>named</parent>
  <prematch> for master</prematch>
  <regex>for master (\S+):(\d+) \S+ \(source (\S+)#d+\)$</regex>
  <order>dstip,dstport,srcip</order>
</decoder>

<decoder name="named_from">
  <parent>named</parent>
  <regex offset="after_parent"> from [(\S+)]</regex>
  <order>srcip</order>
</decoder>
