<!--
  -  Nginx decoders
  -  Author: Daniel Cid.
  -  Updated by Wazuh, Inc.
  -  Copyright (C) 2015-2020, Wazuh Inc.
  -  Copyright (C) 2009 Trend Micro Inc.
  -  This program is a free software; you can redistribute it and/or modify it under the terms of GPLv2.
-->

<!--
  - Will extract the srcip.
  - Examples:
  - 2009/09/15 20:55:40 [error] 63858#0: *3663 open() "/srv/www/ossec.net/robots.txt" failed (2: No such file or directory), client: 1.2.3.4, server: ossec.net, request: "GET /robots.txt HTTP/1.1", host: "www.ossec.net"
  - 2009/09/15 19:51:07 [error] 37992#0: accept() failed (53: Software caused connection abort)
  -->
<decoder name="nginx-errorlog">
  <prematch>^20\d\d/\d\d/\d\d \d\d:\d\d:\d\d [</prematch>
</decoder>

<!--
Extract NAXSI WAF alert information https://github.com/nbs-system/naxsi/wiki/naxsilogs

2013/11/10 07:36:19 [error] 8278#0: *5932 NAXSI_FMT: ip=X.X.X.X&server=Y.Y.Y.Y&uri=/phpMyAdmin-2.8.2/scripts/setup.php&learning=0&vers=0.52&total_processed=472&total_blocked=204&block=0&cscore0=$UWA&score0=8&zone0=HEADERS&id0=42000227&var_name0=user-agent, client: X.X.X.X, server: blog.memze.ro, request: "GET /phpMyAdmin-2.8.2/scripts/setup.php HTTP/1.1", host: "X.X.X.X"
-->
<decoder name="nginx-naxsi">
  <parent>nginx-errorlog</parent>
  <prematch offset="after_parent">NAXSI_FMT:</prematch>
  <regex offset="after_parent">ip=(\S+)&server=(\S+)&uri=(\S+)&learning=(\d+)&vers=(\S+)&total_processed=(\d+)&total_blocked=(\d+)&block=(\d+)&cscore0=(\S+)&score0=(\S+)&</regex>
  <order>srcip,server,uri,learning,vers,total_processed,total_blocked,block,attack,score</order>
</decoder>

<decoder name="nginx-errorlog-ip">
  <parent>nginx-errorlog</parent>
  <prematch offset="after_parent">, client: \S+, server: \S*, request: "\S+ </prematch>
  <regex offset="after_parent">, client: (\S+), </regex>
  <order>srcip</order>
</decoder>
