<!--
  -  Pam decoders
  -  Author: Daniel Cid.
  -  Updated by Wazuh, Inc.
  -  Copyright (C) 2015-2020, Wazuh Inc.
  -  Copyright (C) 2009 Trend Micro Inc.
  -  This program is a free software; you can redistribute it and/or modify it under the terms of GPLv2.
-->


<!--
  -  Will extract username and srcip whenever is possible.
  - Examples:
  - Dec  1 11:27:21 ip-10-0-0-220 su(pam_unix)[14592]: session closed for user news
  - Dec  1 11:27:21 ip-10-0-0-220 su(pam_unix)[14592]: session opened for user news by (uid=0)
  - Dec  1 11:27:21 ip-10-0-0-220 sshd(pam_unix)[17365]: session opened for user test by (uid=508)
  - Dec  1 11:27:21 ip-10-0-0-220 su[8060]: (pam_unix) session opened for user root by (uid=0)
  - Dec  1 11:27:21 ip-10-0-0-220 login: pam_unix(login:session): session opened for user carl by LOGIN(uid=0)
  - Dec  1 11:27:21 ip-10-0-0-220 sshd[123]: pam_unix(sshd:session): session opened for user carl by (uid=0)
  - Dec  1 11:27:21 ip-10-0-0-220 su[2238]: pam_unix(su:session): session opened for user homer by root(uid=0)

  - Dec  1 11:27:21 ip-10-0-0-220 su(pam_unix)[23164]: authentication failure; logname= uid=1342 euid=0 tty= ruser=dcid rhost=  user=osaudit
  - Dec  1 11:27:21 ip-10-0-0-220 vsftpd(pam_unix)[25073]: authentication failure; logname= uid=0 euid=0 tty= ruser= rhost=211.100.27.101
  - Dec  1 11:27:21 ip-10-0-0-220 sshd(pam_unix)[13025]: authentication failure; logname= uid=0 euid=0 tty=NODEVssh ruser= rhost=210.70.129.207  user=nobody
  - Dec  1 11:27:21 ip-10-0-0-220 sshd(pam_unix)[18987]: authentication failure; logname= uid=0 euid=0 tty=NODEVssh ruser= rhost=host.net  user=root
  - Dec  1 11:27:21 ip-10-0-0-220 vsftpd: pam_unix(vsftpd:auth): authentication failure; logname= uid=0 euid=0 tty= ruser= rhost=1.2.3.4
  - Dec  1 11:27:21 ip-10-0-0-220 sshd(pam_unix)[15794]: 2 more authentication failures; logname= uid=0 euid=0 tty=ssh ruser= rhost=10.0.3.1  user=root
  - Dec  1 11:56:57 ip-10-0-0-220 su[2468]: pam_unix(su:auth): authentication failure; logname=root uid=1004 euid=0 tty=/dev/pts/2 ruser=homer rhost=  user=bart

  - Dec  1 11:27:21 ip-10-0-0-220 vsftpd(pam_unix)[25073]: check pass; user unknown
  - Dec  1 12:25:55 ip-10-0-0-220 passwd[2679]: pam_unix(passwd:chauthtok): password changed for marge
  -->
<decoder name="pam">
  <program_name>(pam_unix)$</program_name>
</decoder>

<decoder name="pam">
  <program_name></program_name>
  <prematch>^pam_unix|^\(pam_unix\)</prematch>
</decoder>


<decoder name="pam-user">
  <parent>pam</parent>
  <prematch>\)\p* session \w+ |^session \w+ </prematch>
  <regex offset="after_prematch">^for user (\S+)</regex>
  <order>user</order>
</decoder>

<decoder name="pam-user">
  <parent>pam</parent>
  <regex offset="after_regex">by (\S+)\(uid=(\d+)\)</regex>
  <order>srcuser,uid</order>
</decoder>

<decoder name="pam-user">
  <parent>pam</parent>
  <regex offset="after_regex">by \(uid=(\d+)\)</regex>
  <order>uid</order>
</decoder>


<decoder name="pam-pass-changed">
  <parent>pam</parent>
  <prematch>password changed for</prematch>
  <regex offset="after_prematch">^ (\S+)</regex>
  <order>user</order>
</decoder>


<decoder name="pam-fields">
  <parent>pam</parent>
  <regex offset="after_parent">logname=(\S+)</regex>
  <order>logname</order>
</decoder>

<decoder name="pam-fields">
  <parent>pam</parent>
  <regex offset="after_regex">uid=(\S+)</regex>
  <order>uid</order>
</decoder>

<decoder name="pam-fields">
  <parent>pam</parent>
  <regex offset="after_regex">euid=(\S+)</regex>
  <order>euid</order>
</decoder>

<decoder name="pam-fields">
  <parent>pam</parent>
  <regex offset="after_regex">tty=(\S+)</regex>
  <order>tty</order>
</decoder>

<decoder name="pam-fields">
  <parent>pam</parent>
  <regex offset="after_regex">ruser=(\S+)</regex>
  <order>srcuser</order>
</decoder>

<decoder name="pam-fields">
  <parent>pam</parent>
  <regex offset="after_regex">rhost=(\S+)</regex>
  <order>srcip</order>
</decoder>

<decoder name="pam-fields">
  <parent>pam</parent>
  <regex offset="after_regex">\suser=(\S+)</regex>
  <order>user</order>
</decoder>
