<!--
  -  SERV-U decoders
  -  Created by Wazuh, Inc.
  -  Copyright (C) 2015-2020, Wazuh Inc.
  -  This program is a free software; you can redistribute it and/or modify it under the terms of GPLv2.
-->

<!--
[TypeMessage] DayWeek DayMonthYear Time - (SessionID) Message

Examples:
    [06] Thu 26Nov15 17:55:14 - Event: FILE_UPLOAD (Event 07); Type: EMAIL; To: admin@company.com
    [01] Thu 26Nov15 17:55:14 - Domain started
    [02] Thu 26Nov15 17:55:14 - (000002) Connected to 192.168.2.200 (local address 192.168.2.201, port 22)
    [02] Thu 26Nov15 17:55:14 - (000002) User "lin" logged in / [02] Thu 26Nov15 14:27:25 - (000003) User "lin" logged out
    [02] Thu 26Nov15 17:55:14 - (000002) Invalid login credentials; user: "lin"; password: "**********"
    [02] Thu 26Nov15 17:55:14 - (000002) Password wrong too many times for user "lin" - disconnecting
    [11] Thu 26Nov15 17:55:14 - (000002) Received file "D:\MyFolder\virus.exe" successfully (217.35 KB/sec - 14,022 Bytes)
    [10] Thu 26Nov15 17:55:14 - (000002) Sent file "D:\Folder\file.txt" successfully (96.10 KB/sec - 10,825 Bytes)
    [12] Thu 26Nov15 17:55:14 - (000002) File deleted: "D:\Folder\file.txt"
    [13] Thu 26Nov15 17:55:14 - (000002) Renamed "D:\Folder\file.txt" to "D:\Folder\file2.txt"
    [14] Thu 26Nov15 17:55:14 - (000002) Directory created: "C:\Folder"
    [15] Thu 26Nov15 17:55:14 - (000002) Directory deleted: "C:\Folder"
    [02] Thu 26Nov15 17:55:14 - (000002) Message...
-->
<decoder name="serv-u">
    <prematch>^[\d\d] \w\w\w \d\d\w\w\w\d\d \d\d:\d\d:\d\d - </prematch>
</decoder>

<decoder name="serv-u_type_event">
    <parent>serv-u</parent>
    <prematch offset="after_parent">^Event:</prematch>
    <regex>^[(\d\d)] \.+ - Event: (\S+) </regex>
    <order>action, extra_data</order>
</decoder>

<decoder name="serv-u_type">
    <parent>serv-u</parent>
    <prematch offset="after_parent">^\w</prematch>
    <regex>^[(\d\d)]</regex>
    <order>action</order>
</decoder>

<decoder name="serv-u_type-session_ip">
    <parent>serv-u</parent>
    <prematch offset="after_parent">^\(\d+\) Connected to </prematch>
    <regex>^[(\d\d)] \.+ - \((\d+)\) Connected to (\S+) \(\w* \w* (\S+), port (\d+)\)</regex>
    <order>action, id,srcip,dstip, dstport</order>
</decoder>

<decoder name="serv-u_type-session_usr">
    <parent>serv-u</parent>
    <prematch offset="after_parent">^\(\d+\) User\.+logged</prematch>
    <regex>^[(\d\d)] \.+ - \((\d+)\) User "(\S+)" logged</regex>
    <order>action, id,user</order>
</decoder>

<decoder name="serv-u_type-session_usr_invalid">
    <parent>serv-u</parent>
    <prematch offset="after_parent">^\(\d+\) Invalid login </prematch>
    <regex>^[(\d\d)] \.+ - \((\d+)\) Invalid login \.+user: "(\S+)"</regex>
    <order>action, id,user</order>
</decoder>

<decoder name="serv-u_type-session_usr_invalid_too">
    <parent>serv-u</parent>
    <prematch offset="after_parent">^\(\d+\) Password wrong too</prematch>
    <regex>^[(\d\d)] \.+ - \((\d+)\) Password wrong too many times for user "(\S+)" -</regex>
    <order>action, id,user</order>
</decoder>

<decoder name="serv-u_type-session_upload">
    <parent>serv-u</parent>
    <prematch offset="after_parent">^\(\d+\) Received file</prematch>
    <regex>^[(\d\d)] \.+ - \((\d+)\) Received file "(\.+)" </regex>
    <order>action, id,url</order>
</decoder>

<decoder name="serv-u_type-session_download">
    <parent>serv-u</parent>
    <prematch offset="after_parent">^\(\d+\) Sent file</prematch>
    <regex>^[(\d\d)] \.+ - \((\d+)\) Sent file "(\.+)" </regex>
    <order>action, id,url</order>
</decoder>

<decoder name="serv-u_type-session_file_deleted">
    <parent>serv-u</parent>
    <prematch offset="after_parent">^\(\d+\) File deleted:</prematch>
    <regex>^[(\d\d)] \.+ - \((\d+)\) File deleted: "(\.+)"</regex>
    <order>action, id,url</order>
</decoder>

<decoder name="serv-u_type-session_renamed">
    <parent>serv-u</parent>
    <prematch offset="after_parent">^\(\d+\) Renamed</prematch>
    <regex>^[(\d\d)] \.+ - \((\d+)\) Renamed "(\S+)" to "(\S+)"</regex>
    <order>action, id,url,extra_data</order>
</decoder>

<decoder name="serv-u_type-session_dir_created">
    <parent>serv-u</parent>
    <prematch offset="after_parent">^\(\d+\) Directory created:</prematch>
    <regex>^[(\d\d)] \.+ - \((\d+)\) Directory created: "(\.+)"</regex>
    <order>action, id,url</order>
</decoder>

<decoder name="serv-u_type-session_dir_deleted">
    <parent>serv-u</parent>
    <prematch offset="after_parent">^\(\d+\) Directory deleted:</prematch>
    <regex>^[(\d\d)] \.+ - \((\d+)\) Directory deleted: "(\.+)"</regex>
    <order>action, id,url</order>
</decoder>

<decoder name="serv-u_type-session">
    <parent>serv-u</parent>
    <prematch offset="after_parent">^\(\d+\) </prematch>
    <regex>^[(\d\d)] \.+ - \((\d+)\) </regex>
    <order>action, id</order>
</decoder>
