<!--
  -  Solaris BSM decoders
  -  Author: Daniel Cid.
  -  Updated by Wazuh, Inc.
  -  Copyright (C) 2015-2020, Wazuh Inc.
  -  Copyright (C) 2009 Trend Micro Inc.
  -  This program is a free software; you can redistribute it and/or modify it under the terms of GPLv2.
-->


<!--
  - Examples:
  - Nov 21 15:12:56 unknown audit: [ID 905220 audit.notice] system booted
    text booting kernel
  - Nov 21 15:16:22 unknown audit: [ID 984917 audit.notice] login - telnet
    failed session 2740580090 by root as root:root from 1.254.168.192
  - failed session 2740580090 by root as root:root from 1.254.168.192
  - ok session 347344759 by 500959152 as root:root from 3.11.8.4 obj
  -->
<decoder name="solaris_bsm">
  <program_name>^audit$</program_name>
</decoder>

<decoder name="solaris_bsm_session">
  <parent>solaris_bsm</parent>
  <prematch> \w+ session \d+ by </prematch>
  <regex> (\w+) session \d+ by</regex>
  <order>status</order>
</decoder>

<decoder name="solaris_bsm_session">
  <parent>solaris_bsm</parent>
  <regex offset="after_regex">^ \S+ as \S+:\S+ from (\S+)</regex>
  <order>srcip</order>
</decoder>

<!-- Solaris IPFilter decoder.
  - Will extract the action, srcip, srcport, dstip, dstport
  - Examples:
  - ipmon[11523]: [ID 702911 local0.warning] 09:30:39.300795 3x ce0 @0:1
    b 10.4.0.25,43873 -> 10.4.122.243,22 PR tcp len 20 100 -AP IN
  - ipmon[11523]: [ID 702911 local0.warning] 09:31:53.285032 hme0 @0:1
    b 10.4.122.243,138 -> 255.255.255.255,138 PR udp len 20 229 IN mbcast
  - ipmon[11523]: [ID 702911 local0.notice] 09:30:40.398290 ce0 @0:14
    p 10.4.122.243,123 -> 10.4.122.16,123 PR udp len 20 76 K-S OUT
  -->
<decoder name="ipfilter">
   <type>firewall</type>
   <program_name>^ipmon</program_name>
   <regex> (\w) (\S+),(\d+) -> </regex>
   <regex>(\S+),(\d+) PR (\w+) </regex>
   <order>action,srcip,srcport,dstip,dstport,protocol</order>
</decoder>
