<!--
  -  Package decoders
  -  Created by Wazuh, Inc.
  -  Copyright (C) 2015-2020, Wazuh Inc.
  -  This program is a free software; you can redistribute it and/or modify it under the terms of GPLv2.
-->

<!--
Match:
2015-10-08 17:21:56 remove libsmokebase3v5:amd64 4:4.14.3-1 <none>
2018-08-02 00:03:36 status installed nano:amd64 2.5.3-2ubuntu2
2016-01-14 13:20:51 status half-configured gconf2:amd64 3.2.6-0ubuntu2
2016-01-14 13:20:51 trigproc gconf2:amd64 3.2.6-0ubuntu2

No match, similar format:
2017-01-24 05:36:23 SMTP call from (000000) [::1]:39480 dropped: too many syntax or protocol errors (last command was "123")
2015-07-28 15:07:26 1.2.3.4 GET /QOsa/Browser/Default.aspx UISessionId=SN1234123&DeviceId=SN12312232SHARP+MX-4111N 80 - 31.3.3.7 OpenSystems/1.0;+product-family="85";+product-version="123ER123" 302 0 0 624
-->

<decoder name="dpkg-decoder">
    <prematch>^\d\d\d\d-\d\d-\d\d \d\d:\d\d:\d\d startup|</prematch>
    <prematch>^\d\d\d\d-\d\d-\d\d \d\d:\d\d:\d\d status|</prematch>
    <prematch>^\d\d\d\d-\d\d-\d\d \d\d:\d\d:\d\d remove|</prematch>
    <prematch>^\d\d\d\d-\d\d-\d\d \d\d:\d\d:\d\d configure|</prematch>
    <prematch>^\d\d\d\d-\d\d-\d\d \d\d:\d\d:\d\d install|</prematch>
    <prematch>^\d\d\d\d-\d\d-\d\d \d\d:\d\d:\d\d trigproc</prematch>

    <regex>^\d\d\d\d-\d\d-\d\d \d\d:\d\d:\d\d (\S+\s\S+)\s+(\S+):(\S+)\s+(\S+)|</regex>
    <regex>^\d\d\d\d-\d\d-\d\d \d\d:\d\d:\d\d (\S+)\s+(\S+):(\S+)\s+(\S+)</regex>

    <order>dpkg_status, package, arch, version</order>
</decoder>
