<!--
  -  Jenkins decoders
  -  Created by Wazuh, Inc.
  -  Copyright (C) 2015-2020, Wazuh Inc.
  -  This program is a free software; you can redistribute it and/or modify it under the terms of GPLv2.
-->

<!--
Feb 18, 2017 8:51:48 AM component action severity: Text
-->
<decoder name="jenkins">
    <prematch>^\w+ \d+, \d+ \d+:\d+:\d+ \w\w \S+ \w+\s</prematch>
</decoder>

<!--
Feb 18, 2017 8:51:56 AM hudson.model.UpdateCenter$DownloadJob run INFO: Installation successful: PAM Authentication plugin
-->
<decoder name="jenkins-info-installation">
    <parent>jenkins</parent>
    <prematch>Installation successful:</prematch>
    <regex>^\w+ \d+, \d+ \d+:\d+:\d+ \w\w (\S+) (\w+) (\S+): Installation successful: (\.+)</regex>
    <order>jenkins.component,jenkins.action,jenkins.severity,jenkins.plugin</order>
</decoder>

<!--
Feb 18, 2017 8:53:02 AM hudson.model.UpdateCenter$DownloadJob run INFO: Starting the installation of PAM Authentication plugin on behalf of admin
-->
<decoder name="jenkins-info-starting">
    <parent>jenkins</parent>
    <prematch>Starting the installation of</prematch>
    <regex>^\w+ \d+, \d+ \d+:\d+:\d+ \w\w (\S+) (\w+) (\S+): Starting the installation of (\.+) on behalf of (\S+)</regex>
    <order>jenkins.component,jenkins.action,jenkins.severity,jenkins.plugin,srcuser</order>
</decoder>

<decoder name="jenkins-generic">
    <parent>jenkins</parent>
    <regex>^\w+ \d+, \d+ \d+:\d+:\d+ \w\w (\S+) (\w+) (\S+):</regex>
    <order>jenkins.component,jenkins.action,jenkins.severity</order>
</decoder>
